frame_index,read_frame_count,unscaled_delta_ns,main_thread_ns,gc_alloc_bytes,batches,set_pass_calls,draw_calls,engine_controller_update_ns,intended_cell_x,intended_cell_y,actual_cell_x,actual_cell_y,cell_match,input_checked,mouse_is_virtual,tnd_bench_t1_hover_ns,tnd_bench_t1_reclassify_ns,tnd_bench_t1_hoveredborder_ns,tnd_bench_t1_hoveredborderrebuild_ns,tnd_bench_t1_modeenter_ns,tnd_bench_t1_conquerui_ns,tnd_bench_s0_hover_ns,tnd_bench_s0_rebuild_ns
0,103,103146746,66444208,33867,7933,93,7955,0,0,-18,0,-18,1,1,1,598959,0,539417,533792,0,0,0,0
1,104,76728418,78707542,284219,7934,94,7956,0,0,-18,0,-18,1,1,1,22042,0,0,0,0,0,0,0
2,105,68027585,66281208,22161,7933,93,7955,0,0,-18,0,-18,1,1,1,29083,0,0,0,0,0,0,0
3,106,58979663,60854375,22137,7933,93,7955,0,0,-18,0,-18,1,1,1,28542,0,0,0,0,0,0,0
4,107,51211629,49858292,22125,7933,93,7955,0,0,-18,0,-18,1,1,1,24375,0,0,0,0,0,0,0
5,108,46502918,47906083,22225,7933,93,7955,0,0,-18,0,-18,1,1,1,20708,0,0,0,0,0,0,0
6,109,43820459,43770333,22073,7933,96,7955,0,0,-18,0,-18,1,1,1,19459,0,0,0,0,0,0,0
7,110,43457873,41877958,22073,7933,93,7955,0,0,-18,0,-18,1,1,1,17291,0,0,0,0,0,0,0
8,111,44157087,44390542,22701,7933,93,7955,0,0,-18,0,-18,1,1,1,26291,0,0,0,0,0,0,0
9,112,43828912,45073042,22461,7933,93,7955,0,0,-18,0,-18,1,1,1,19709,0,0,0,0,0,0,0
10,113,47239046,45852833,22073,7933,93,7955,0,0,-18,0,-18,1,1,1,20459,0,0,0,0,0,0,0
11,114,42759869,44186125,22137,7933,93,7955,0,0,-18,0,-18,1,1,1,19541,0,0,0,0,0,0,0
12,115,52286006,52116500,22073,7933,93,7955,0,0,-18,0,-18,1,1,1,20250,0,0,0,0,0,0,0
13,116,53879167,52031542,22161,7933,93,7955,0,0,-18,0,-18,1,1,1,26083,0,0,0,0,0,0,0
14,117,50643868,52396041,22189,7933,93,7955,0,0,-18,0,-18,1,1,1,23042,0,0,0,0,0,0,0
15,118,64240217,62162208,22073,7933,93,7955,0,0,-18,0,-18,1,1,1,24083,0,0,0,0,0,0,0
16,119,62558710,64697583,22225,7934,94,7956,0,0,-18,0,-18,1,1,1,30916,0,0,0,0,0,0,0
17,120,55477790,52689292,22637,7933,96,7955,0,0,-18,0,-18,1,1,1,24083,0,0,0,0,0,0,0
18,121,51591206,54208042,22437,7933,93,7955,0,0,-18,0,-18,1,1,1,23958,0,0,0,0,0,0,0
19,122,53648497,52232791,22161,7933,93,7955,0,0,-18,0,-18,1,1,1,23500,0,0,0,0,0,0,0
20,123,49791999,51308750,22137,7933,93,7955,0,0,-18,0,-18,1,1,1,23334,0,0,0,0,0,0,0
21,124,44154543,44150125,22073,7933,93,7955,0,0,-18,0,-18,1,1,1,22209,0,0,0,0,0,0,0
22,125,43669708,42326417,22125,7933,93,7955,0,0,-18,0,-18,1,1,1,19709,0,0,0,0,0,0,0
23,126,42089249,43421042,22225,7933,93,7955,0,0,-18,0,-18,1,1,1,21000,0,0,0,0,0,0,0
24,127,48916667,48488584,22073,7933,93,7955,0,0,-18,0,-18,1,1,1,20291,0,0,0,0,0,0,0
25,128,49948461,49040583,22073,7933,93,7955,0,0,-18,0,-18,1,1,1,25000,0,0,0,0,0,0,0
26,129,47615081,48740208,22137,7933,93,7955,0,0,-18,0,-18,1,1,1,20125,0,0,0,0,0,0,0
27,130,42354166,42508666,22213,7933,96,7955,0,0,-18,0,-18,1,1,1,20958,0,0,0,0,0,0,0
28,131,44998582,42660541,22637,7933,93,7955,0,0,-18,0,-18,1,1,1,19709,0,0,0,0,0,0,0
29,132,40793340,43110083,22385,7933,93,7955,0,0,-18,0,-18,1,1,1,20000,0,0,0,0,0,0,0
30,133,46415291,46287416,22073,7933,93,7955,0,0,-18,0,-18,1,1,1,19583,0,0,0,0,0,0,0
31,134,50609204,48684125,22161,7934,94,7956,0,0,-18,0,-18,1,1,1,22459,0,0,0,0,0,0,0
32,135,58717545,60281792,22189,7933,93,7955,0,0,-18,0,-18,1,1,1,24084,0,0,0,0,0,0,0
33,136,74028372,72032208,22073,7933,93,7955,0,0,-18,0,-18,1,1,1,33792,0,0,0,0,0,0,0
34,137,80471962,82446500,22225,7933,93,7955,0,0,-18,0,-18,1,1,1,21209,0,0,0,0,0,0,0
35,138,89952416,86930708,22125,7933,93,7955,0,0,-18,0,-18,1,1,1,22708,0,0,0,0,0,0,0
36,139,65654873,66235292,22789,7933,96,7955,0,0,-18,0,-18,1,1,1,31125,0,0,0,0,0,0,0
37,140,70775873,70931000,22321,7933,93,7955,0,0,-18,0,-18,1,1,1,62000,0,0,0,0,0,0,0
38,141,68185918,70108625,22189,7933,93,7955,0,0,-18,0,-18,1,1,1,20584,0,0,0,0,0,0,0
39,142,69882959,67790792,22161,7933,93,7955,0,0,-18,0,-18,1,1,1,29208,0,0,0,0,0,0,0
40,143,66366165,68658792,22137,7933,93,7955,0,0,-18,0,-18,1,1,1,29834,0,0,0,0,0,0,0
41,144,73768876,71396750,22125,7933,93,7955,0,0,-18,0,-18,1,1,1,30208,0,0,0,0,0,0,0
42,145,79232208,81678125,22225,7933,93,7955,0,0,-18,0,-18,1,1,1,19584,0,0,0,0,0,0,0
43,146,80707088,74888792,22637,7933,96,7955,0,0,-18,0,-18,1,1,1,21000,0,0,0,0,0,0,0
44,147,68385913,74026000,22525,7933,93,7955,0,0,-18,0,-18,1,1,1,20458,0,0,0,0,0,0,0
45,148,71669921,69201500,22073,7933,93,7955,0,0,-18,0,-18,1,1,1,21834,0,0,0,0,0,0,0
46,149,69163329,71597458,22137,7934,94,7956,0,0,-18,0,-18,1,1,1,35667,0,0,0,0,0,0,0
47,150,67794963,66024292,22213,7933,93,7955,0,0,-18,0,-18,1,1,1,65208,0,0,0,0,0,0,0
48,151,59298917,61155417,22137,7933,93,7955,0,0,-18,0,-18,1,1,1,32791,0,0,0,0,0,0,0
49,152,53151622,51929750,22073,7933,93,7955,0,0,-18,0,-18,1,1,1,24458,0,0,0,0,0,0,0
50,153,39121501,40437875,22225,7933,96,7955,0,0,-18,0,-18,1,1,1,19209,0,0,0,0,0,0,0
51,154,37613712,36557000,22689,7933,93,7955,0,0,-18,0,-18,1,1,1,16875,0,0,0,0,0,0,0
52,155,32657165,32676250,22321,7933,93,7955,0,0,-18,0,-18,1,1,1,15292,0,0,0,0,0,0,0
53,156,31379338,32380959,22137,7933,93,7955,0,0,-18,0,-18,1,1,1,14708,0,0,0,0,0,0,0
54,157,32656539,32619458,22073,7933,93,7955,0,0,-18,0,-18,1,1,1,14750,0,0,0,0,0,0,0
55,158,32232828,32241875,22161,7933,93,7955,0,0,-18,0,-18,1,1,1,14959,0,0,0,0,0,0,0
56,159,33485587,32462375,22073,7933,93,7955,0,0,-18,0,-18,1,1,1,19417,0,0,0,0,0,0,0
57,160,31470168,32454667,22137,7933,93,7955,0,0,-18,0,-18,1,1,1,14958,0,0,0,0,0,0,0
58,161,32845955,32874459,22125,7933,93,7955,0,0,-18,0,-18,1,1,1,15625,0,0,0,0,0,0,0
59,162,32876212,32645292,22073,7933,93,7955,0,0,-18,0,-18,1,1,1,14125,0,0,0,0,0,0,0
