frame_index,read_frame_count,unscaled_delta_ns,main_thread_ns,gc_alloc_bytes,batches,set_pass_calls,draw_calls,engine_controller_update_ns,intended_cell_x,intended_cell_y,actual_cell_x,actual_cell_y,cell_match,mouse_is_virtual,tnd_bench_t1_hover_ns,tnd_bench_t1_reclassify_ns,tnd_bench_t1_hoveredborder_ns,tnd_bench_t1_hoveredborderrebuild_ns,tnd_bench_t1_modeenter_ns,tnd_bench_t1_conquerui_ns,tnd_bench_s0_hover_ns,tnd_bench_s0_rebuild_ns
0,95,603847801,548502625,30811,0,0,0,0,3,14,3,14,1,1,16458,0,0,0,0,0,0,0
1,96,97869955,99031709,308575,6889,88,6920,0,3,14,3,14,1,1,16458,0,0,0,0,0,0,0
2,97,99791750,99852459,22449,6888,90,6919,0,3,14,3,14,1,1,16458,0,0,0,0,0,0,0
3,98,100163541,100027125,22353,6888,87,6919,0,3,14,3,14,1,1,16458,0,0,0,0,0,0,0
4,99,98903588,99916916,22317,6888,87,6919,0,3,14,3,14,1,1,16458,0,0,0,0,0,0,0
5,100,101239584,100048166,22289,6888,87,6919,0,3,14,3,14,1,1,16458,0,0,0,0,0,0,0
6,101,99394619,99554459,22881,6888,87,6919,0,3,14,3,14,1,1,16458,0,0,0,0,0,0,0
7,102,100440040,100407167,22537,6888,90,6919,0,3,14,3,14,1,1,16458,0,0,0,0,0,0,0
8,103,100064918,99994541,22265,6888,87,6919,0,3,14,3,14,1,1,16458,0,0,0,0,0,0,0
9,104,100088544,100009250,22405,6888,87,6919,0,3,14,3,14,1,1,16458,0,0,0,0,0,0,0
10,105,100216045,100008333,22515,6888,87,6919,0,3,14,3,14,1,1,16458,0,0,0,0,0,0,0
11,106,102533914,100237250,22969,6888,87,6919,0,3,14,3,14,1,1,16458,0,0,0,0,0,0,0
12,107,96522167,99874000,22513,6888,90,6919,0,3,14,3,14,1,1,16458,0,0,0,0,0,0,0
13,108,100351460,99434917,22341,6888,87,6919,0,3,14,3,14,1,1,16458,0,0,0,0,0,0,0
14,109,100111298,100330042,22265,6888,87,6919,0,3,14,3,14,1,1,16458,0,0,0,0,0,0,0
15,110,100075535,100094375,23003,6888,87,6919,0,3,14,3,14,1,1,16458,0,0,0,0,0,0,0
16,111,99929079,99861209,22881,6889,88,6920,0,3,14,3,14,1,1,16458,0,0,0,0,0,0,0
17,112,99516421,99480666,22537,6888,90,6919,0,3,14,3,14,1,1,16458,0,0,0,0,0,0,0
18,113,100635625,100570417,22265,6888,87,6919,0,3,14,3,14,1,1,16458,0,0,0,0,0,0,0
19,114,98920255,99956833,22405,6888,87,6919,0,3,14,3,14,1,1,16458,0,0,0,0,0,0,0
20,115,100548624,99476917,22201,6888,87,6919,0,3,14,3,14,1,1,16458,0,0,0,0,0,0,0
21,116,101174496,99987209,22917,6888,87,6919,0,3,14,3,14,1,1,16458,0,0,0,0,0,0,0
22,117,99522799,100511791,32507,6888,90,6919,0,3,14,3,14,1,1,16458,0,0,0,0,0,0,0
23,118,440563738,100140000,111810,6888,87,6919,0,3,14,3,14,1,1,16458,0,0,0,0,0,0,0
24,119,59570498,399867750,122113,6888,87,6919,0,3,14,3,14,1,1,16458,0,0,0,0,0,0,0
25,120,110516503,99833000,23215,6888,90,6919,0,3,14,3,14,1,1,16458,0,0,0,0,0,0,0
26,121,88936835,99965166,1079387,6888,87,6919,0,3,14,3,14,1,1,16458,0,0,0,0,0,0,0
27,122,100111663,100006375,26665,6888,87,6919,0,3,14,3,14,1,1,16458,0,0,0,0,0,0,0
28,123,99909834,99954708,109945,6888,87,6919,0,3,14,3,14,1,1,16458,0,0,0,0,0,0,0
29,124,100050620,100006500,22449,6888,87,6919,0,3,14,3,14,1,1,16458,0,0,0,0,0,0,0
30,125,98809503,99750375,49783,6888,90,6919,0,3,14,3,14,1,1,16458,0,0,0,0,0,0,0
31,126,101298704,100232500,22253,6889,88,6920,0,3,14,3,14,1,1,16458,0,0,0,0,0,0,0
32,127,98104834,99137583,22353,6888,87,6919,0,3,14,3,14,1,1,16458,0,0,0,0,0,0,0
33,128,101957798,100161292,23055,6888,87,6919,0,3,14,3,14,1,1,16458,0,0,0,0,0,0,0
34,129,99777624,100674667,22653,6888,87,6919,0,3,14,3,14,1,1,16458,0,0,0,0,0,0,0
35,130,98658666,99485875,22265,6888,90,6919,0,3,14,3,14,1,1,16458,0,0,0,0,0,0,0
36,131,101383045,100401541,22341,6888,87,6919,0,3,14,3,14,1,1,16458,0,0,0,0,0,0,0
37,132,100161336,100132042,22265,6888,87,6919,0,3,14,3,14,1,1,16458,0,0,0,0,0,0,0
38,133,100871875,99955500,22969,6888,87,6919,0,3,14,3,14,1,1,16458,0,0,0,0,0,0,0
39,134,97461491,99319959,22513,6888,87,6919,0,3,14,3,14,1,1,16458,0,0,0,0,0,0,0
40,135,101676300,100711958,22289,6888,90,6919,0,3,14,3,14,1,1,16458,0,0,0,0,0,0,0
41,136,99017038,99961292,22317,6888,87,6919,0,3,14,3,14,1,1,16458,0,0,0,0,0,0,0
42,137,100021287,99068958,22289,6888,87,6919,0,3,14,3,14,1,1,16458,0,0,0,0,0,0,0
43,138,102433420,100902459,22829,6888,87,6919,0,3,14,3,14,1,1,16458,0,0,0,0,0,0,0
44,139,97458414,99930000,22653,6888,87,6919,0,3,14,3,14,1,1,16458,0,0,0,0,0,0,0
45,140,100923001,99943958,22201,6888,90,6919,0,3,14,3,14,1,1,16458,0,0,0,0,0,0,0
46,141,100053288,100023334,22353,6889,88,6920,0,3,14,3,14,1,1,16458,0,0,0,0,0,0,0
47,142,99060751,99971125,22317,6888,87,6919,0,3,14,3,14,1,1,16458,0,0,0,0,0,0,0
48,143,101451918,99741583,22853,6888,87,6919,0,3,14,3,14,1,1,16458,0,0,0,0,0,0,0
49,144,98022080,99633042,22513,6888,87,6919,0,3,14,3,14,1,1,16458,0,0,0,0,0,0,0
50,145,101428873,100545875,22341,6888,90,6919,0,3,14,3,14,1,1,16458,0,0,0,0,0,0,0
51,146,99991783,100030083,22265,6888,87,6919,0,3,14,3,14,1,1,16458,0,0,0,0,0,0,0
52,147,98996423,99943833,22405,6888,87,6919,0,3,14,3,14,1,1,16458,0,0,0,0,0,0,0
53,148,101895168,100035625,22765,6888,87,6919,0,3,14,3,14,1,1,16458,0,0,0,0,0,0,0
54,149,97668044,99491375,22653,6888,87,6919,0,3,14,3,14,1,1,16458,0,0,0,0,0,0,0
55,150,100979544,100005125,22201,6888,90,6919,0,3,14,3,14,1,1,16458,0,0,0,0,0,0,0
56,151,100504621,100457625,22353,6888,87,6919,0,3,14,3,14,1,1,16458,0,0,0,0,0,0,0
57,152,99057294,99966834,22317,6888,87,6919,0,3,14,3,14,1,1,16458,0,0,0,0,0,0,0
58,153,100821420,99134167,22853,6888,87,6919,0,3,14,3,14,1,1,16458,0,0,0,0,0,0,0
59,154,99313125,99935208,22513,6888,87,6919,0,3,14,3,14,1,1,16458,0,0,0,0,0,0,0
60,155,100346662,100464333,22405,6888,90,6919,0,3,14,3,14,1,1,16458,0,0,0,0,0,0,0
61,156,100243836,100140750,22265,6889,88,6920,0,3,14,3,14,1,1,16458,0,0,0,0,0,0,0
62,157,98641663,99688917,22405,6888,87,6919,0,3,14,3,14,1,1,16458,0,0,0,0,0,0,0
63,158,102337539,100542334,22765,6888,87,6919,0,3,14,3,14,1,1,16458,0,0,0,0,0,0,0
64,159,99291577,100044167,22653,6888,87,6919,0,3,14,3,14,1,1,16458,0,0,0,0,0,0,0
65,160,99027208,99960375,22265,6888,90,6919,0,3,14,3,14,1,1,16458,0,0,0,0,0,0,0
66,161,100367128,99412000,22341,6888,87,6919,0,3,14,3,14,1,1,16458,0,0,0,0,0,0,0
67,162,100909329,100617792,22265,6888,87,6919,0,3,14,3,14,1,1,16458,0,0,0,0,0,0,0
68,163,99478371,99493750,22969,6888,87,6919,0,3,14,3,14,1,1,16458,0,0,0,0,0,0,0
69,164,100312836,100540667,22449,6888,87,6919,0,3,14,3,14,1,1,16458,0,0,0,0,0,0,0
70,165,98357379,99336916,22405,6888,90,6919,0,3,14,3,14,1,1,16458,0,0,0,0,0,0,0
71,166,101016625,99582542,22201,6888,87,6919,0,3,14,3,14,1,1,16458,0,0,0,0,0,0,0
72,167,100397668,100780334,22353,6888,87,6919,0,3,14,3,14,1,1,16458,0,0,0,0,0,0,0
73,168,100833669,100060375,22881,6888,87,6919,0,3,14,3,14,1,1,16458,0,0,0,0,0,0,0
74,169,99149711,100000000,22601,6888,87,6919,0,3,14,3,14,1,1,16458,0,0,0,0,0,0,0
75,170,99106833,99959375,22317,6888,90,6919,0,3,14,3,14,1,1,16458,0,0,0,0,0,0,0
76,171,100771166,99548750,22289,6889,88,6920,0,3,14,3,14,1,1,16458,0,0,0,0,0,0,0
77,172,100174754,100120500,22265,6888,87,6919,0,3,14,3,14,1,1,16458,0,0,0,0,0,0,0
78,173,100843332,100339750,22969,6888,87,6919,0,3,14,3,14,1,1,16458,0,0,0,0,0,0,0
79,174,97662702,99209333,22513,6888,87,6919,0,3,14,3,14,1,1,16458,0,0,0,0,0,0,0
80,175,101485878,100690709,22289,6888,90,6919,0,3,14,3,14,1,1,16458,0,0,0,0,0,0,0
81,176,98708666,99616917,22317,6888,87,6919,0,3,14,3,14,1,1,16458,0,0,0,0,0,0,0
82,177,100543081,99607125,22289,6888,87,6919,0,3,14,3,14,1,1,16458,0,0,0,0,0,0,0
83,178,100842870,100023250,22829,6888,87,6919,0,3,14,3,14,1,1,16458,0,0,0,0,0,0,0
84,179,99258705,100133584,22653,6888,87,6919,0,3,14,3,14,1,1,16458,0,0,0,0,0,0,0
85,180,100718878,100567084,22265,6888,90,6919,0,3,14,3,14,1,1,16458,0,0,0,0,0,0,0
86,181,98258711,99168875,22405,6888,87,6919,0,3,14,3,14,1,1,16458,0,0,0,0,0,0,0
87,182,101672627,100789542,22201,6888,87,6919,0,3,14,3,14,1,1,16458,0,0,0,0,0,0,0
88,183,100621543,99993042,22917,6888,87,6919,0,3,14,3,14,1,1,16458,0,0,0,0,0,0,0
89,184,98319001,99864750,22565,6888,87,6919,0,3,14,3,14,1,1,16458,0,0,0,0,0,0,0
90,185,101224377,100215541,22289,6888,90,6919,0,3,14,3,14,1,1,16458,0,0,0,0,0,0,0
91,186,98970539,99910542,22317,6889,88,6920,0,3,14,3,14,1,1,16458,0,0,0,0,0,0,0
92,187,100993417,100039916,22289,6888,87,6919,0,3,14,3,14,1,1,16458,0,0,0,0,0,0,0
93,188,100129373,99967917,22829,6888,87,6919,0,3,14,3,14,1,1,16458,0,0,0,0,0,0,0
94,189,99646702,99903250,22589,6888,87,6919,0,3,14,3,14,1,1,16458,0,0,0,0,0,0,0
95,190,98913088,99736834,22265,6888,90,6919,0,3,14,3,14,1,1,16458,0,0,0,0,0,0,0
96,191,101349666,100388958,22289,6888,87,6919,0,3,14,3,14,1,1,16458,0,0,0,0,0,0,0
97,192,98974250,99905125,22317,6888,87,6919,0,3,14,3,14,1,1,16458,0,0,0,0,0,0,0
98,193,101664081,99969541,22853,6888,87,6919,0,3,14,3,14,1,1,16458,0,0,0,0,0,0,0
99,194,99348463,99820042,22513,6888,87,6919,0,3,14,3,14,1,1,16458,0,0,0,0,0,0,0
100,195,98609954,99867750,22405,6888,90,6919,0,3,14,3,14,1,1,16458,0,0,0,0,0,0,0
101,196,100660502,99537750,22201,6888,87,6919,0,3,14,3,14,1,1,16458,0,0,0,0,0,0,0
102,197,100504994,100659959,22353,6888,87,6919,0,3,14,3,14,1,1,16458,0,0,0,0,0,0,0
103,198,99827125,99642042,22881,6888,87,6919,0,3,14,3,14,1,1,16458,0,0,0,0,0,0,0
104,199,100225038,100332750,22537,6888,87,6919,0,3,14,3,14,1,1,16458,0,0,0,0,0,0,0
105,200,99118962,99999750,22317,6888,90,6919,0,3,14,3,14,1,1,16458,0,0,0,0,0,0,0
106,201,101289495,100124667,22289,6889,88,6920,0,3,14,3,14,1,1,16458,0,0,0,0,0,0,0
107,202,98694376,99836792,22317,6888,87,6919,0,3,14,3,14,1,1,16458,0,0,0,0,0,0,0
108,203,101734124,100022208,22853,6888,87,6919,0,3,14,3,14,1,1,16458,0,0,0,0,0,0,0
109,204,98235912,99942375,22513,6888,87,6919,0,3,14,3,14,1,1,16458,0,0,0,0,0,0,0
110,205,100977085,100004208,22341,6888,90,6919,0,3,14,3,14,1,1,16458,0,0,0,0,0,0,0
111,206,100064083,99989833,22265,6888,87,6919,0,3,14,3,14,1,1,16458,0,0,0,0,0,0,0
112,207,98891623,99960208,22405,6888,87,6919,0,3,14,3,14,1,1,16458,0,0,0,0,0,0,0
113,208,101849913,100007000,22765,6888,87,6919,0,3,14,3,14,1,1,16458,0,0,0,0,0,0,0
114,209,98055668,99707500,22601,6888,87,6919,0,3,14,3,14,1,1,16458,0,0,0,0,0,0,0
115,210,101083621,100256875,22253,6888,90,6919,0,3,14,3,14,1,1,16458,0,0,0,0,0,0,0
116,211,100090585,100067667,22353,6888,87,6919,0,3,14,3,14,1,1,16458,0,0,0,0,0,0,0
117,212,100079417,99984042,22317,6888,87,6919,0,3,14,3,14,1,1,16458,0,0,0,0,0,0,0
118,213,99957294,99966458,22917,6888,87,6919,0,3,14,3,14,1,1,16458,0,0,0,0,0,0,0
119,214,100047960,99816584,22449,6888,87,6919,0,3,14,3,14,1,1,16458,0,0,0,0,0,0,0
