frame_index,read_frame_count,unscaled_delta_ns,main_thread_ns,gc_alloc_bytes,batches,set_pass_calls,draw_calls,engine_controller_update_ns,intended_cell_x,intended_cell_y,actual_cell_x,actual_cell_y,cell_match,input_checked,mouse_is_virtual,injected_x,injected_y,read_x,read_y,tnd_bench_t1_hover_ns,tnd_bench_t1_reclassify_ns,tnd_bench_t1_hoveredborder_ns,tnd_bench_t1_hoveredborderrebuild_ns,tnd_bench_t1_modeenter_ns,tnd_bench_t1_conquerui_ns,tnd_bench_s0_hover_ns,tnd_bench_s0_rebuild_ns
0,275,77469713,51617417,34681,7933,93,7955,0,0,-18,0,-18,1,1,1,960,544.56,960,544.56,22875,0,0,0,0,0,0,0
1,276,51081411,51133792,22289,7934,94,7956,0,0,-18,0,-18,1,1,1,960,544.56,960,544.56,23209,0,0,0,0,0,0,0
2,277,42189121,43666916,22137,7933,93,7955,0,0,-18,0,-18,1,1,1,960,544.56,960,544.56,18916,0,0,0,0,0,0,0
3,278,42728543,42717709,22161,7933,93,7955,0,0,-18,0,-18,1,1,1,960,544.56,960,544.56,19459,0,0,0,0,0,0,0
4,279,42663250,41515167,207381,7933,93,7955,0,0,-18,0,-18,1,1,1,960,544.56,960,544.56,17208,0,0,0,0,0,0,0
5,280,36157045,37356875,22137,7933,93,7955,0,0,-18,0,-18,1,1,1,960,544.56,960,544.56,15833,0,0,0,0,0,0,0
6,281,35714454,35679458,22073,7933,93,7955,0,0,-18,0,-18,1,1,1,960,544.56,960,544.56,16584,0,0,0,0,0,0,0
7,282,34209664,33180667,22161,7933,93,7955,0,0,-18,0,-18,1,1,1,960,544.56,960,544.56,15042,0,0,0,0,0,0,0
8,283,32069671,33125000,22137,7933,93,7955,0,0,-18,0,-18,1,1,1,960,544.56,960,544.56,14417,0,0,0,0,0,0,0
9,284,35916332,35875833,22073,7933,93,7955,0,0,-18,0,-18,1,1,1,960,544.56,960,544.56,15500,0,0,0,0,0,0,0
10,285,34549206,33477583,22125,7933,96,7955,0,0,-18,0,-18,1,1,1,960,544.56,960,544.56,15459,0,0,0,0,0,0,0
11,286,32459538,33460791,22137,7933,93,7955,0,0,-18,0,-18,1,1,1,960,544.56,960,544.56,14666,0,0,0,0,0,0,0
12,287,33298213,33336916,22161,7933,93,7955,0,0,-18,0,-18,1,1,1,960,544.56,960,544.56,14917,0,0,0,0,0,0,0
13,288,35169869,33296917,22637,7933,93,7955,0,0,-18,0,-18,1,1,1,960,544.56,960,544.56,14833,0,0,0,0,0,0,0
14,289,31630001,33494250,22353,7933,93,7955,0,0,-18,0,-18,1,1,1,960,544.56,960,544.56,14625,0,0,0,0,0,0,0
15,290,34114830,34068875,22073,7933,93,7955,0,0,-18,0,-18,1,1,1,960,544.56,960,544.56,14375,0,0,0,0,0,0,0
16,291,35733707,34506625,22125,7934,94,7956,0,0,-18,0,-18,1,1,1,960,544.56,960,544.56,15000,0,0,0,0,0,0,0
17,292,34233622,35390458,22225,7933,93,7955,0,0,-18,0,-18,1,1,1,960,544.56,960,544.56,14875,0,0,0,0,0,0,0
18,293,35050168,35094958,22073,7933,93,7955,0,0,-18,0,-18,1,1,1,960,544.56,960,544.56,14541,0,0,0,0,0,0,0
19,294,35568039,34418625,22073,7933,93,7955,0,0,-18,0,-18,1,1,1,960,544.56,960,544.56,15666,0,0,0,0,0,0,0
20,295,34112498,35228417,22137,7933,93,7955,0,0,-18,0,-18,1,1,1,960,544.56,960,544.56,18084,0,0,0,0,0,0,0
21,296,37504918,37383500,22073,7933,93,7955,0,0,-18,0,-18,1,1,1,960,544.56,960,544.56,17458,0,0,0,0,0,0,0
22,297,40506165,39395459,22213,7933,93,7955,0,0,-18,0,-18,1,1,1,960,544.56,960,544.56,16667,0,0,0,0,0,0,0
23,298,46614788,47728333,22137,7933,93,7955,0,0,-18,0,-18,1,1,1,960,544.56,960,544.56,17542,0,0,0,0,0,0,0
24,299,46180840,45982541,22073,7933,96,7955,0,0,-18,0,-18,1,1,1,960,544.56,960,544.56,19209,0,0,0,0,0,0,0
25,300,53638953,52068125,22073,7933,93,7955,0,0,-18,0,-18,1,1,1,960,544.56,960,544.56,22958,0,0,0,0,0,0,0
26,301,63908711,63377125,22789,7933,93,7955,0,0,-18,0,-18,1,1,1,960,544.56,960,544.56,23667,0,0,0,0,0,0,0
27,302,66673465,66866167,22341,7933,93,7955,0,0,-18,0,-18,1,1,1,960,544.56,960,544.56,28459,0,0,0,0,0,0,0
28,303,66022329,67775459,22137,7933,93,7955,0,0,-18,0,-18,1,1,1,960,544.56,960,544.56,28333,0,0,0,0,0,0,0
29,304,68959966,67020541,22161,7933,93,7955,0,0,-18,0,-18,1,1,1,960,544.56,960,544.56,30083,0,0,0,0,0,0,0
30,305,103460870,102169209,280682,7933,93,7955,0,0,-18,0,-18,1,0,1,0,0,960,544.56,417,0,6292,0,0,0,0,0
31,306,84599085,87761083,25675,7969,115,7991,0,0,-18,0,-18,1,0,1,0,0,960,544.56,917,0,0,0,0,0,0,0
32,307,69088585,66755334,24751,7968,117,7990,0,0,-18,0,-18,1,0,1,0,0,960,544.56,291,0,0,0,0,0,0,0
33,308,67610457,67722792,22841,7968,114,7990,0,0,-18,0,-18,1,0,1,0,0,960,544.56,917,0,0,0,0,0,0,0
34,309,60282044,60938333,22941,7968,114,7990,0,0,-18,0,-18,1,0,1,0,0,960,544.56,333,0,0,0,0,0,0,0
35,310,58690831,60035041,24911,7968,114,7990,0,0,-18,4,-29,0,0,1,0,0,1660.78,387.5,292,0,0,0,0,0,0,0
36,311,57973999,56584500,22201,7968,114,7990,0,0,-18,4,-29,0,0,1,0,0,1660.78,387.5,292,0,0,0,0,0,0,0
37,312,57825539,59275667,22189,7968,114,7990,0,0,-18,4,-29,0,0,1,0,0,1660.78,387.5,583,0,0,0,0,0,0,0
38,313,60353714,58350625,22143,7968,114,7990,0,0,-18,4,-29,0,0,1,0,0,1660.78,387.5,250,0,0,0,0,0,0,0
39,314,122303865,122728000,214331,7968,114,7990,0,0,-18,4,-29,0,0,1,0,0,1660.78,387.5,126292,34351958,534875,533916,0,53624333,0,0
40,315,72251297,72024000,29111,7968,117,7988,0,0,-18,4,-29,0,0,1,0,0,1660.78,387.5,53250,0,0,0,0,0,0,0
41,316,64457915,64632000,44149,7978,121,7999,0,0,-18,4,-29,0,0,1,0,0,1660.78,387.5,53458,0,0,0,0,0,0,0
42,317,45450955,47165417,24815,7979,122,8000,0,0,-18,4,-29,0,0,1,0,0,1660.78,387.5,65625,0,0,0,0,0,0,0
43,318,44070336,43953833,22073,7979,122,8000,0,0,-18,4,-29,0,0,1,0,0,1660.78,387.5,45292,0,0,0,0,0,0,0
44,319,43918706,42804333,22213,7979,122,8000,0,0,-18,4,-29,0,0,1,0,0,1660.78,387.5,49209,0,0,0,0,0,0,0
45,320,37314917,38511708,22137,7979,122,8000,0,0,-18,4,-29,0,0,1,0,0,1660.78,387.5,15750,0,0,0,0,0,0,0
46,321,37832956,37848375,22073,7980,123,8001,0,0,-18,4,-29,0,0,1,0,0,1660.78,387.5,15583,0,0,0,0,0,0,0
47,322,39254501,38008666,27385,7978,119,7999,0,0,-18,4,-29,0,0,1,0,0,1660.78,387.5,14083,0,0,0,0,0,0,0
48,323,37359289,38589709,25675,7944,104,7965,0,0,-18,4,-29,0,0,1,0,0,1660.78,387.5,13625,0,0,0,0,0,0,0
49,324,33454585,33400791,24751,7944,101,7965,0,0,-18,4,-29,0,0,1,0,0,1660.78,387.5,13959,0,0,0,0,0,0,0
50,325,34645959,33569542,22125,7944,101,7965,0,0,-18,4,-29,0,0,1,0,0,1660.78,387.5,13833,0,0,0,0,0,0,0
51,326,34164540,34094583,22701,7944,101,7965,0,0,-18,4,-29,0,0,1,0,0,1660.78,387.5,13791,0,0,0,0,0,0,0
52,327,32618828,33692167,22289,7944,101,7965,0,0,-18,4,-29,0,0,1,0,0,1660.78,387.5,13916,0,0,0,0,0,0,0
53,328,34815214,33695291,22161,7946,105,7967,0,0,-18,4,-29,0,0,1,0,0,1660.78,387.5,13875,0,0,0,0,0,0,0
54,329,32294459,33441250,22137,7944,103,7965,0,0,-18,4,-29,0,0,1,0,0,1660.78,387.5,14041,0,0,0,0,0,0,0
55,330,34711621,34674000,22073,7944,103,7965,0,0,-18,4,-29,0,0,1,0,0,1660.78,387.5,13916,0,0,0,0,0,0,0
56,331,36980710,35867334,22125,7944,103,7965,0,0,-18,4,-29,0,0,1,0,0,1660.78,387.5,14208,0,0,0,0,0,0,0
57,332,34490998,35481166,22137,7944,103,7965,0,0,-18,4,-29,0,0,1,0,0,1660.78,387.5,14625,0,0,0,0,0,0,0
58,333,36222413,36318375,22161,7944,103,7965,0,0,-18,4,-29,0,0,1,0,0,1660.78,387.5,13833,0,0,0,0,0,0,0
59,334,37263125,35879250,22073,7944,103,7965,0,0,-18,4,-29,0,0,1,0,0,1660.78,387.5,13708,0,0,0,0,0,0,0
60,335,35183504,36528500,22137,7944,103,7965,0,0,-18,4,-29,0,0,1,0,0,1660.78,387.5,15208,0,0,0,0,0,0,0
61,336,41616331,41370833,22073,7945,104,7966,0,0,-18,4,-29,0,0,1,0,0,1660.78,387.5,17208,0,0,0,0,0,0,0
62,337,41213206,40231916,22213,7944,106,7965,0,0,-18,4,-29,0,0,1,0,0,1660.78,387.5,15958,0,0,0,0,0,0,0
63,338,41756123,42856292,22137,7944,103,7965,0,0,-18,4,-29,0,0,1,0,0,1660.78,387.5,15792,0,0,0,0,0,0,0
64,339,48933837,48897000,22073,7944,103,7965,0,0,-18,4,-29,0,0,1,0,0,1660.78,387.5,18292,0,0,0,0,0,0,0
65,340,65238036,61503417,22637,7944,103,7965,0,0,-18,4,-29,0,0,1,0,0,1660.78,387.5,21792,0,0,0,0,0,0,0
66,341,62631711,66214416,22441,7944,103,7965,0,0,-18,4,-29,0,0,1,0,0,1660.78,387.5,28791,0,0,0,0,0,0,0
67,342,68697080,66789250,22125,7944,103,7965,0,0,-18,4,-29,0,0,1,0,0,1660.78,387.5,27042,0,0,0,0,0,0,0
68,343,64712248,66483458,22137,7944,103,7965,0,0,-18,4,-29,0,0,1,0,0,1660.78,387.5,27875,0,0,0,0,0,0,0
69,344,62351290,60773000,22161,7944,103,7965,0,0,-18,4,-29,0,0,1,0,0,1660.78,387.5,27250,0,0,0,0,0,0,0
70,345,57773582,59188125,22137,7945,105,7966,0,0,-18,4,-29,0,0,1,0,0,1660.78,387.5,23000,0,0,0,0,0,0,0
71,346,47685999,46591250,22125,7945,108,7966,0,0,-18,4,-29,0,0,1,0,0,1660.78,387.5,21792,0,0,0,0,0,0,0
72,347,43607212,45004375,22225,7946,105,7967,0,0,-18,4,-29,0,0,1,0,0,1660.78,387.5,18292,0,0,0,0,0,0,0
73,348,44908583,43654334,22637,7946,105,7967,0,0,-18,4,-29,0,0,1,0,0,1660.78,387.5,19583,0,0,0,0,0,0,0
74,349,42885374,42956875,22289,7944,101,7965,0,0,-18,4,-29,0,0,1,0,0,1660.78,387.5,16292,0,0,0,0,0,0,0
75,350,38729038,39842084,22137,7944,101,7965,0,0,-18,4,-29,0,0,1,0,0,1660.78,387.5,16041,0,0,0,0,0,0,0
76,351,43471209,43410167,22213,7945,102,7966,0,0,-18,4,-29,0,0,1,0,0,1660.78,387.5,16625,0,0,0,0,0,0,0
77,352,46326212,45034375,22073,7944,101,7965,0,0,-18,4,-29,0,0,1,0,0,1660.78,387.5,15959,0,0,0,0,0,0,0
78,353,43926373,45247750,22137,7944,101,7965,0,0,-18,4,-29,0,0,1,0,0,1660.78,387.5,19417,0,0,0,0,0,0,0
79,354,47371458,47263084,22073,7944,101,7965,0,0,-18,4,-29,0,0,1,0,0,1660.78,387.5,20542,0,0,0,0,0,0,0
80,355,46837080,45592333,22161,7944,101,7965,0,0,-18,4,-29,0,0,1,0,0,1660.78,387.5,18292,0,0,0,0,0,0,0
81,356,54132461,55380500,22189,7944,101,7965,0,0,-18,4,-29,0,0,1,0,0,1660.78,387.5,18875,0,0,0,0,0,0,0
82,357,54664704,52858416,22073,7944,104,7965,0,0,-18,4,-29,0,0,1,0,0,1660.78,387.5,21333,0,0,0,0,0,0,0
83,358,51646873,53420500,22225,7944,101,7965,0,0,-18,4,-29,0,0,1,0,0,1660.78,387.5,23959,0,0,0,0,0,0,0
84,359,55197086,52337250,22637,7944,101,7965,0,0,-18,4,-29,0,0,1,0,0,1660.78,387.5,23167,0,0,0,0,0,0,0
85,360,47461584,50278750,23045,7944,101,7965,0,0,-18,4,-29,0,0,1,0,0,1660.78,387.5,20875,0,0,0,0,0,0,0
86,361,43451912,43503000,22161,7944,101,7965,0,0,-18,4,-29,0,0,1,0,0,1660.78,387.5,18291,0,0,0,0,0,0,0
87,362,41869997,40691583,22073,7944,101,7965,0,0,-18,4,-29,0,0,1,0,0,1660.78,387.5,18292,0,0,0,0,0,0,0
88,363,36570500,37759708,32574,7944,101,7965,0,0,-18,4,-29,0,0,1,0,0,1660.78,387.5,15625,0,0,0,0,0,0,0
89,364,37004668,36925333,22073,7944,101,7965,0,0,-18,4,-29,0,0,1,0,0,1660.78,387.5,16083,0,0,0,0,0,0,0
90,365,34853748,33843958,22213,7944,101,7965,0,0,-18,4,-29,0,0,1,0,0,1660.78,387.5,13709,0,0,0,0,0,0,0
91,366,32757956,33793917,22137,7945,102,7966,0,0,-18,4,-29,0,0,1,0,0,1660.78,387.5,14208,0,0,0,0,0,0,0
92,367,36132462,36153291,22073,7944,101,7965,0,0,-18,4,-29,0,0,1,0,0,1660.78,387.5,14042,0,0,0,0,0,0,0
93,368,34602042,33480417,22073,7944,104,7965,0,0,-18,4,-29,0,0,1,0,0,1660.78,387.5,14500,0,0,0,0,0,0,0
94,369,32696660,33746834,22137,7944,101,7965,0,0,-18,4,-29,0,0,1,0,0,1660.78,387.5,15291,0,0,0,0,0,0,0
95,370,33382292,33383709,22161,7944,101,7965,0,0,-18,4,-29,0,0,1,0,0,1660.78,387.5,13958,0,0,0,0,0,0,0
96,371,34364044,33291167,22125,7944,101,7965,0,0,-18,4,-29,0,0,1,0,0,1660.78,387.5,13917,0,0,0,0,0,0,0
97,372,33273335,33220166,22701,7944,101,7965,0,0,-18,4,-29,0,0,1,0,0,1660.78,387.5,13625,0,0,0,0,0,0,0
98,373,30362414,31477416,22289,7944,101,7965,0,0,-18,4,-29,0,0,1,0,0,1660.78,387.5,13833,0,0,0,0,0,0,0
99,374,30481753,30423041,22073,7944,101,7965,0,0,-18,4,-29,0,0,1,0,0,1660.78,387.5,12250,0,0,0,0,0,0,0
100,375,31694911,30715500,22161,7944,101,7965,0,0,-18,4,-29,0,0,1,0,0,1660.78,387.5,12584,0,0,0,0,0,0,0
101,376,30321585,31272833,22137,7944,101,7965,0,0,-18,4,-29,0,0,1,0,0,1660.78,387.5,12542,0,0,0,0,0,0,0
102,377,34019500,34030250,22073,7944,101,7965,0,0,-18,4,-29,0,0,1,0,0,1660.78,387.5,14542,0,0,0,0,0,0,0
103,378,33796165,33760625,22125,7944,101,7965,0,0,-18,4,-29,0,0,1,0,0,1660.78,387.5,14292,0,0,0,0,0,0,0
104,379,34559879,33432125,22073,7944,101,7965,0,0,-18,4,-29,0,0,1,0,0,1660.78,387.5,14417,0,0,0,0,0,0,0
105,380,32692331,33811958,22225,7944,101,7965,0,0,-18,4,-29,0,0,1,0,0,1660.78,387.5,14000,0,0,0,0,0,0,0
106,381,33908162,33901708,22073,7945,102,7966,0,0,-18,4,-29,0,0,1,0,0,1660.78,387.5,13875,0,0,0,0,0,0,0
107,382,34544039,33432666,22073,7944,101,7965,0,0,-18,4,-29,0,0,1,0,0,1660.78,387.5,13875,0,0,0,0,0,0,0
108,383,35557582,36643208,22137,7944,101,7965,0,0,-18,4,-29,0,0,1,0,0,1660.78,387.5,14958,0,0,0,0,0,0,0
109,384,34763295,34607750,22125,7944,104,7965,0,0,-18,4,-29,0,0,1,0,0,1660.78,387.5,13583,0,0,0,0,0,0,0
110,385,37409543,36243083,22161,7944,101,7965,0,0,-18,4,-29,0,0,1,0,0,1660.78,387.5,13958,0,0,0,0,0,0,0
111,386,40393374,41398959,22137,7944,101,7965,0,0,-18,4,-29,0,0,1,0,0,1660.78,387.5,18208,0,0,0,0,0,0,0
112,387,43254125,41725750,22637,7944,101,7965,0,0,-18,4,-29,0,0,1,0,0,1660.78,387.5,14667,0,0,0,0,0,0,0
113,388,44803082,44726750,22289,7944,101,7965,0,0,-18,4,-29,0,0,1,0,0,1660.78,387.5,17708,0,0,0,0,0,0,0
114,389,56788165,58366209,22225,7944,101,7965,0,0,-18,4,-29,0,0,1,0,0,1660.78,387.5,21458,0,0,0,0,0,0,0
115,390,69591127,67488875,22125,7944,101,7965,0,0,-18,4,-29,0,0,1,0,0,1660.78,387.5,27084,0,0,0,0,0,0,0
116,391,86989626,88661791,22137,7944,101,7965,0,0,-18,4,-29,0,0,1,0,0,1660.78,387.5,27833,0,0,0,0,0,0,0
117,392,70883497,68890792,22161,7944,101,7965,0,0,-18,4,-29,0,0,1,0,0,1660.78,387.5,19292,0,0,0,0,0,0,0
118,393,72298958,74078750,22189,7944,101,7965,0,0,-18,4,-29,0,0,1,0,0,1660.78,387.5,27084,0,0,0,0,0,0,0
119,394,66843837,64053000,22073,7944,104,7965,0,0,-18,4,-29,0,0,1,0,0,1660.78,387.5,26916,0,0,0,0,0,0,0
120,395,48899121,52156583,23005,7944,101,7965,0,0,-18,4,-29,0,0,1,0,0,1660.78,387.5,21459,0,0,0,0,0,0,0
121,396,45416291,45431250,22073,7945,102,7966,0,0,-18,4,-29,0,0,1,0,0,1660.78,387.5,21917,0,0,0,0,0,0,0
122,397,45158460,43949042,22125,7944,101,7965,0,0,-18,4,-29,0,0,1,0,0,1660.78,387.5,18041,0,0,0,0,0,0,0
123,398,38767375,39655209,22137,7944,101,7965,0,0,-18,4,-29,0,0,1,0,0,1660.78,387.5,16250,0,0,0,0,0,0,0
124,399,39675377,39935167,22161,7944,101,7965,0,0,-18,4,-29,0,0,1,0,0,1660.78,387.5,15791,0,0,0,0,0,0,0
125,400,41398163,40241041,22073,7944,101,7965,0,0,-18,4,-29,0,0,1,0,0,1660.78,387.5,15875,0,0,0,0,0,0,0
126,401,41225042,42388042,22137,7944,101,7965,0,0,-18,4,-29,0,0,1,0,0,1660.78,387.5,18667,0,0,0,0,0,0,0
127,402,46438250,46401750,22125,7944,101,7965,0,0,-18,4,-29,0,0,1,0,0,1660.78,387.5,18500,0,0,0,0,0,0,0
128,403,50230830,48898208,22161,7944,101,7965,0,0,-18,4,-29,0,0,1,0,0,1660.78,387.5,20250,0,0,0,0,0,0,0
129,404,45055046,46393583,22137,7944,104,7965,0,0,-18,4,-29,0,0,1,0,0,1660.78,387.5,19125,0,0,0,0,0,0,0
130,405,52682913,52447500,22073,7944,101,7965,0,0,-18,4,-29,0,0,1,0,0,1660.78,387.5,22292,0,0,0,0,0,0,0
131,406,56477416,53151083,22637,7944,101,7965,0,0,-18,4,-29,0,0,1,0,0,1660.78,387.5,21625,0,0,0,0,0,0,0
132,407,49654833,53006917,22493,7944,101,7965,0,0,-18,4,-29,0,0,1,0,0,1660.78,387.5,21625,0,0,0,0,0,0,0
133,408,54003749,52477083,22073,7944,101,7965,0,0,-18,4,-29,0,0,1,0,0,1660.78,387.5,21250,0,0,0,0,0,0,0
134,409,50418417,51891375,22137,7944,101,7965,0,0,-18,4,-29,0,0,1,0,0,1660.78,387.5,21667,0,0,0,0,0,0,0
135,410,47010920,47144625,22161,7944,101,7965,0,0,-18,4,-29,0,0,1,0,0,1660.78,387.5,21375,0,0,0,0,0,0,0
136,411,44060330,42828208,22125,7945,102,7966,0,0,-18,4,-29,0,0,1,0,0,1660.78,387.5,17709,0,0,0,0,0,0,0
137,412,36739081,37971125,22137,7944,101,7965,0,0,-18,4,-29,0,0,1,0,0,1660.78,387.5,15750,0,0,0,0,0,0,0
138,413,40237378,40143916,22073,7944,101,7965,0,0,-18,4,-29,0,0,1,0,0,1660.78,387.5,16292,0,0,0,0,0,0,0
139,414,35817451,34837916,22161,7944,104,7965,0,0,-18,4,-29,0,0,1,0,0,1660.78,387.5,16042,0,0,0,0,0,0,0
140,415,32417964,33441750,22137,7944,101,7965,0,0,-18,4,-29,0,0,1,0,0,1660.78,387.5,14000,0,0,0,0,0,0,0
141,416,33189252,33184541,22073,7944,101,7965,0,0,-18,4,-29,0,0,1,0,0,1660.78,387.5,14375,0,0,0,0,0,0,0
142,417,35594791,33694834,22689,7944,101,7965,0,0,-18,4,-29,0,0,1,0,0,1660.78,387.5,13917,0,0,0,0,0,0,0
143,418,31808786,33646625,22353,7944,101,7965,0,0,-18,4,-29,0,0,1,0,0,1660.78,387.5,14209,0,0,0,0,0,0,0
144,419,33547583,33557792,22161,7944,101,7965,0,0,-18,4,-29,0,0,1,0,0,1660.78,387.5,14042,0,0,0,0,0,0,0
145,420,35043962,33983000,22073,7944,101,7965,0,0,-18,4,-29,0,0,1,0,0,1660.78,387.5,13834,0,0,0,0,0,0,0
146,421,32694414,33737084,22137,7944,101,7965,0,0,-18,4,-29,0,0,1,0,0,1660.78,387.5,13917,0,0,0,0,0,0,0
147,422,33451460,33436917,22073,7944,101,7965,0,0,-18,4,-29,0,0,1,0,0,1660.78,387.5,13959,0,0,0,0,0,0,0
148,423,34834001,33734917,22125,7944,101,7965,0,0,-18,4,-29,0,0,1,0,0,1660.78,387.5,13834,0,0,0,0,0,0,0
149,424,30556540,31670333,22225,7944,101,7965,0,0,-18,4,-29,0,0,1,0,0,1660.78,387.5,12292,0,0,0,0,0,0,0
150,425,30749786,30697000,22073,7944,101,7965,0,0,-18,4,-29,0,0,1,0,0,1660.78,387.5,12458,0,0,0,0,0,0,0
151,426,30157547,30180958,22073,7945,102,7966,0,0,-18,4,-29,0,0,1,0,0,1660.78,387.5,12916,0,0,0,0,0,0,0
152,427,31457290,30424250,22073,7944,101,7965,0,0,-18,4,-29,0,0,1,0,0,1660.78,387.5,12625,0,0,0,0,0,0,0
153,428,32919332,33861292,22137,7944,101,7965,0,0,-18,4,-29,0,0,1,0,0,1660.78,387.5,13458,0,0,0,0,0,0,0
154,429,32740291,32775875,22161,7944,104,7965,0,0,-18,4,-29,0,0,1,0,0,1660.78,387.5,14000,0,0,0,0,0,0,0
155,430,33291086,33280333,22125,7944,101,7965,0,0,-18,4,-29,0,0,1,0,0,1660.78,387.5,12208,0,0,0,0,0,0,0
156,431,34737661,33577167,22073,7944,101,7965,0,0,-18,4,-29,0,0,1,0,0,1660.78,387.5,13542,0,0,0,0,0,0,0
157,432,33725880,33753750,22701,7944,101,7965,0,0,-18,4,-29,0,0,1,0,0,1660.78,387.5,14000,0,0,0,0,0,0,0
158,433,32739080,33752792,22289,7944,101,7965,0,0,-18,4,-29,0,0,1,0,0,1660.78,387.5,14333,0,0,0,0,0,0,0
159,434,34510288,33458875,22161,7944,101,7965,0,0,-18,4,-29,0,0,1,0,0,1660.78,387.5,14042,0,0,0,0,0,0,0
160,435,32875418,33940333,22137,7944,101,7965,0,0,-18,4,-29,0,0,1,0,0,1660.78,387.5,13958,0,0,0,0,0,0,0
161,436,33762499,33727834,22125,7944,101,7965,0,0,-18,4,-29,0,0,1,0,0,1660.78,387.5,13958,0,0,0,0,0,0,0
162,437,35264294,34203500,22073,7944,101,7965,0,0,-18,4,-29,0,0,1,0,0,1660.78,387.5,14208,0,0,0,0,0,0,0
163,438,32425373,33456333,22137,7944,101,7965,0,0,-18,4,-29,0,0,1,0,0,1660.78,387.5,13791,0,0,0,0,0,0,0
164,439,36434546,36439750,22161,7944,101,7965,0,0,-18,4,-29,0,0,1,0,0,1660.78,387.5,14250,0,0,0,0,0,0,0
165,440,35919290,34775500,22073,7944,101,7965,0,0,-18,4,-29,0,0,1,0,0,1660.78,387.5,13834,0,0,0,0,0,0,0
166,441,34797124,35861500,22137,7945,102,7966,0,0,-18,4,-29,0,0,1,0,0,1660.78,387.5,16500,0,0,0,0,0,0,0
167,442,43384622,43354209,22125,7944,101,7965,0,0,-18,4,-29,0,0,1,0,0,1660.78,387.5,15375,0,0,0,0,0,0,0
168,443,38108211,36912416,22161,7944,104,7965,0,0,-18,4,-29,0,0,1,0,0,1660.78,387.5,14083,0,0,0,0,0,0,0
169,444,36731250,37889250,22137,7944,101,7965,0,0,-18,4,-29,0,0,1,0,0,1660.78,387.5,14167,0,0,0,0,0,0,0
170,445,43736997,43503125,22073,7944,101,7965,0,0,-18,4,-29,0,0,1,0,0,1660.78,387.5,15917,0,0,0,0,0,0,0
171,446,53044877,50268958,22637,7944,101,7965,0,0,-18,4,-29,0,0,1,0,0,1660.78,387.5,18042,0,0,0,0,0,0,0
172,447,61689712,64514708,22493,7944,101,7965,0,0,-18,4,-29,0,0,1,0,0,1660.78,387.5,27125,0,0,0,0,0,0,0
173,448,69674663,67718459,22073,7944,101,7965,0,0,-18,4,-29,0,0,1,0,0,1660.78,387.5,27083,0,0,0,0,0,0,0
174,449,65329246,67154417,22137,7944,101,7965,0,0,-18,4,-29,0,0,1,0,0,1660.78,387.5,18333,0,0,0,0,0,0,0
175,450,68223126,66275083,22161,7944,101,7965,0,0,-18,4,-29,0,0,1,0,0,1660.78,387.5,27459,0,0,0,0,0,0,0
176,451,63833497,65786334,22189,7944,101,7965,0,0,-18,4,-29,0,0,1,0,0,1660.78,387.5,28334,0,0,0,0,0,0,0
177,452,64784042,63211125,22073,7944,101,7965,0,0,-18,4,-29,0,0,1,0,0,1660.78,387.5,27750,0,0,0,0,0,0,0
178,453,54374378,55919792,22225,7944,104,7965,0,0,-18,4,-29,0,0,1,0,0,1660.78,387.5,21625,0,0,0,0,0,0,0
179,454,59415541,55883834,22637,7944,101,7965,0,0,-18,4,-29,0,0,1,0,0,1660.78,387.5,21834,0,0,0,0,0,0,0
