frame_index,frame_time_ns,gc_alloc_bytes,tnd_bench_t1_hover_ns,tnd_bench_t1_hover_calls,tnd_bench_t1_reclassify_ns,tnd_bench_t1_reclassify_calls,tnd_bench_t1_hoveredborder_ns,tnd_bench_t1_hoveredborder_calls,tnd_bench_t1_hoveredborderrebuild_ns,tnd_bench_t1_hoveredborderrebuild_calls,tnd_bench_t1_modeenter_ns,tnd_bench_t1_modeenter_calls,tnd_bench_t1_conquerui_ns,tnd_bench_t1_conquerui_calls,tnd_bench_s0_hover_ns,tnd_bench_s0_hover_calls,tnd_bench_s0_rebuild_ns,tnd_bench_s0_rebuild_calls,conquestmodecontroller_update_ns,conquestmodecontroller_update_calls
0,35052292,34123,0,0,0,0,0,0,0,0,0,0,0,0,0,0,0,0,0,0
1,38283624,25943,0,0,0,0,0,0,0,0,0,0,0,0,0,0,0,0,0,0
2,32978458,24751,0,0,0,0,0,0,0,0,0,0,0,0,0,0,0,0,0,0
3,35522292,22073,0,0,0,0,0,0,0,0,0,0,0,0,0,0,0,0,0,0
4,33223960,22137,0,0,0,0,0,0,0,0,0,0,0,0,0,0,0,0,0,0
5,34536916,207365,0,0,0,0,0,0,0,0,0,0,0,0,0,0,0,0,0,0
6,30822040,22161,0,0,0,0,0,0,0,0,0,0,0,0,0,0,0,0,0,0
7,30081708,22125,0,0,0,0,0,0,0,0,0,0,0,0,0,0,0,0,0,0
8,30242958,22137,0,0,0,0,0,0,0,0,0,0,0,0,0,0,0,0,0,0
9,30430084,22073,0,0,0,0,0,0,0,0,0,0,0,0,0,0,0,0,0,0
10,30522000,22073,0,0,0,0,0,0,0,0,0,0,0,0,0,0,0,0,0,0
11,30159584,22161,0,0,0,0,0,0,0,0,0,0,0,0,0,0,0,0,0,0
12,30566792,22137,0,0,0,0,0,0,0,0,0,0,0,0,0,0,0,0,0,0
13,32622708,22073,0,0,0,0,0,0,0,0,0,0,0,0,0,0,0,0,0,0
14,33491332,22689,0,0,0,0,0,0,0,0,0,0,0,0,0,0,0,0,0,0
15,34433584,22289,0,0,0,0,0,0,0,0,0,0,0,0,0,0,0,0,0,0
16,35637500,22225,0,0,0,0,0,0,0,0,0,0,0,0,0,0,0,0,0,0
17,39039000,22073,0,0,0,0,0,0,0,0,0,0,0,0,0,0,0,0,0,0
18,38658668,22073,0,0,0,0,0,0,0,0,0,0,0,0,0,0,0,0,0,0
19,35748792,22137,0,0,0,0,0,0,0,0,0,0,0,0,0,0,0,0,0,0
20,36215248,22125,0,0,0,0,0,0,0,0,0,0,0,0,0,0,0,0,0,0
21,40272208,22161,0,0,0,0,0,0,0,0,0,0,0,0,0,0,0,0,0,0
22,51663040,22137,0,0,0,0,0,0,0,0,0,0,0,0,0,0,0,0,0,0
23,69709504,22073,0,0,0,0,0,0,0,0,0,0,0,0,0,0,0,0,0,0
24,73403752,22225,0,0,0,0,0,0,0,0,0,0,0,0,0,0,0,0,0,0
25,83176920,22689,0,0,0,0,0,0,0,0,0,0,0,0,0,0,0,0,0,0
26,77498792,22441,0,0,0,0,0,0,0,0,0,0,0,0,0,0,0,0,0,0
27,75546584,22073,0,0,0,0,0,0,0,0,0,0,0,0,0,0,0,0,0,0
28,69513208,22277,0,0,0,0,0,0,0,0,0,0,0,0,0,0,0,0,0,0
29,58993708,22073,0,0,0,0,0,0,0,0,0,0,0,0,0,0,0,0,0,0
30,113156584,170041,502250,1,43600792,1,478875,2,471791,1,44260248,1,0,0,0,0,0,0,0,0
31,66879876,26291,23166,1,0,0,0,0,0,0,0,0,0,0,0,0,0,0,0,0
32,59310540,24967,25375,1,0,0,0,0,0,0,0,0,0,0,0,0,0,0,0,0
33,68756288,22137,31792,1,0,0,0,0,0,0,0,0,0,0,0,0,0,0,0,0
34,67295920,22161,30042,1,0,0,0,0,0,0,0,0,0,0,0,0,0,0,0,0
35,60665168,22189,31292,1,0,0,0,0,0,0,0,0,0,0,0,0,0,0,0,0
36,62854416,22073,29042,1,0,0,0,0,0,0,0,0,0,0,0,0,0,0,0,0
37,71671920,22225,28375,1,0,0,0,0,0,0,0,0,0,0,0,0,0,0,0,0
38,67788872,22073,30500,1,0,0,0,0,0,0,0,0,0,0,0,0,0,0,0,0
39,64183084,22753,29000,1,0,0,0,0,0,0,0,0,0,0,0,0,0,0,0,0
40,63862336,22377,28875,1,0,0,0,0,0,0,0,0,0,0,0,0,0,0,0,0
41,63162124,22137,23625,1,0,0,0,0,0,0,0,0,0,0,0,0,0,0,0,0
42,64843332,22073,28375,1,0,0,0,0,0,0,0,0,0,0,0,0,0,0,0,0
43,53229708,22277,22500,1,0,0,0,0,0,0,0,0,0,0,0,0,0,0,0,0
44,46845668,22073,23125,1,0,0,0,0,0,0,0,0,0,0,0,0,0,0,0,0
45,40785544,22073,20125,1,0,0,0,0,0,0,0,0,0,0,0,0,0,0,0,0
46,39498416,22137,17083,1,0,0,0,0,0,0,0,0,0,0,0,0,0,0,0,0
47,35300500,22161,17209,1,0,0,0,0,0,0,0,0,0,0,0,0,0,0,0,0
48,34477960,22125,14500,1,0,0,0,0,0,0,0,0,0,0,0,0,0,0,0,0
49,34369540,22701,15458,1,0,0,0,0,0,0,0,0,0,0,0,0,0,0,0,0
50,34484248,22289,17208,1,0,0,0,0,0,0,0,0,0,0,0,0,0,0,0,0
51,34825624,22073,14875,1,0,0,0,0,0,0,0,0,0,0,0,0,0,0,0,0
52,35198876,22225,15750,1,0,0,0,0,0,0,0,0,0,0,0,0,0,0,0,0
53,34450292,22073,15042,1,0,0,0,0,0,0,0,0,0,0,0,0,0,0,0,0
54,41789832,22125,15458,1,0,0,0,0,0,0,0,0,0,0,0,0,0,0,0,0
55,36504040,22137,14959,1,0,0,0,0,0,0,0,0,0,0,0,0,0,0,0,0
56,36863876,22073,17333,1,0,0,0,0,0,0,0,0,0,0,0,0,0,0,0,0
57,37396124,22161,16291,1,0,0,0,0,0,0,0,0,0,0,0,0,0,0,0,0
58,37929540,22137,15417,1,0,0,0,0,0,0,0,0,0,0,0,0,0,0,0,0
59,36287832,22073,15500,1,0,0,0,0,0,0,0,0,0,0,0,0,0,0,0,0
60,36759168,22125,17208,1,0,0,0,0,0,0,0,0,0,0,0,0,0,0,0,0
61,36270084,22137,15000,1,0,0,0,0,0,0,0,0,0,0,0,0,0,0,0,0
62,39063336,22161,15042,1,0,0,0,0,0,0,0,0,0,0,0,0,0,0,0,0
63,43474708,22637,17292,1,0,0,0,0,0,0,0,0,0,0,0,0,0,0,0,0
64,53547332,22353,19250,1,0,0,0,0,0,0,0,0,0,0,0,0,0,0,0,0
65,67185000,22125,28625,1,0,0,0,0,0,0,0,0,0,0,0,0,0,0,0,0
66,79612624,22225,32375,1,0,0,0,0,0,0,0,0,0,0,0,0,0,0,0,0
67,70184544,22073,42416,1,0,0,0,0,0,0,0,0,0,0,0,0,0,0,0,0
68,69737416,22189,19458,1,0,0,0,0,0,0,0,0,0,0,0,0,0,0,0,0
69,70738496,22161,29792,1,0,0,0,0,0,0,0,0,0,0,0,0,0,0,0,0
70,65929416,22701,28417,1,0,0,0,0,0,0,0,0,0,0,0,0,0,0,0,0
71,56441084,22341,23166,1,0,0,0,0,0,0,0,0,0,0,0,0,0,0,0,0
72,46807876,22225,19291,1,0,0,0,0,0,0,0,0,0,0,0,0,0,0,0,0
73,46633876,22073,19167,1,0,0,0,0,0,0,0,0,0,0,0,0,0,0,0,0
74,46258376,22073,20459,1,0,0,0,0,0,0,0,0,0,0,0,0,0,0,0,0
75,42887416,22137,17042,1,0,0,0,0,0,0,0,0,0,0,0,0,0,0,0,0
76,44014292,22213,16750,1,0,0,0,0,0,0,0,0,0,0,0,0,0,0,0,0
77,46245084,22073,19500,1,0,0,0,0,0,0,0,0,0,0,0,0,0,0,0,0
78,48485208,22137,19083,1,0,0,0,0,0,0,0,0,0,0,0,0,0,0,0,0
79,50425332,22073,19375,1,0,0,0,0,0,0,0,0,0,0,0,0,0,0,0,0
80,53591708,22161,22458,1,0,0,0,0,0,0,0,0,0,0,0,0,0,0,0,0
81,53291208,22753,23083,1,0,0,0,0,0,0,0,0,0,0,0,0,0,0,0,0
82,48925876,22289,22916,1,0,0,0,0,0,0,0,0,0,0,0,0,0,0,0,0
83,43822376,22225,20042,1,0,0,0,0,0,0,0,0,0,0,0,0,0,0,0,0
84,42686000,22073,19209,1,0,0,0,0,0,0,0,0,0,0,0,0,0,0,0,0
85,39057832,22073,16875,1,0,0,0,0,0,0,0,0,0,0,0,0,0,0,0,0
86,35605292,22189,17709,1,0,0,0,0,0,0,0,0,0,0,0,0,0,0,0,0
87,34368792,22161,14875,1,0,0,0,0,0,0,0,0,0,0,0,0,0,0,0,0
88,33705708,22073,14542,1,0,0,0,0,0,0,0,0,0,0,0,0,0,0,0,0
89,34670000,22137,14708,1,0,0,0,0,0,0,0,0,0,0,0,0,0,0,0,0
90,33941916,22073,14750,1,0,0,0,0,0,0,0,0,0,0,0,0,0,0,0,0
91,34264540,22073,15000,1,0,0,0,0,0,0,0,0,0,0,0,0,0,0,0,0
92,34054040,22277,14959,1,0,0,0,0,0,0,0,0,0,0,0,0,0,0,0,0
93,34062708,22073,14917,1,0,0,0,0,0,0,0,0,0,0,0,0,0,0,0,0
94,32684792,22637,15083,1,0,0,0,0,0,0,0,0,0,0,0,0,0,0,0,0
95,31239792,22353,13375,1,0,0,0,0,0,0,0,0,0,0,0,0,0,0,0,0
96,31599334,22073,13791,1,0,0,0,0,0,0,0,0,0,0,0,0,0,0,0,0
97,32947916,22161,13583,1,0,0,0,0,0,0,0,0,0,0,0,0,0,0,0,0
98,35397248,22073,14542,1,0,0,0,0,0,0,0,0,0,0,0,0,0,0,0,0
99,33412540,22189,14500,1,0,0,0,0,0,0,0,0,0,0,0,0,0,0,0,0
100,34926832,22073,13208,1,0,0,0,0,0,0,0,0,0,0,0,0,0,0,0,0
101,35328540,22073,14917,1,0,0,0,0,0,0,0,0,0,0,0,0,0,0,0,0
102,36031248,22225,19166,1,0,0,0,0,0,0,0,0,0,0,0,0,0,0,0,0
103,35456084,22073,14875,1,0,0,0,0,0,0,0,0,0,0,0,0,0,0,0,0
104,37281584,22073,14750,1,0,0,0,0,0,0,0,0,0,0,0,0,0,0,0,0
105,37335124,22189,15584,1,0,0,0,0,0,0,0,0,0,0,0,0,0,0,0,0
106,39517124,22073,17167,1,0,0,0,0,0,0,0,0,0,0,0,0,0,0,0,0
107,46509460,22161,17750,1,0,0,0,0,0,0,0,0,0,0,0,0,0,0,0,0
108,57161040,22701,24542,1,0,0,0,0,0,0,0,0,0,0,0,0,0,0,0,0
109,67989376,22289,28583,1,0,0,0,0,0,0,0,0,0,0,0,0,0,0,0,0
110,77577664,22277,30791,1,0,0,0,0,0,0,0,0,0,0,0,0,0,0,0,0
111,68559416,22073,30208,1,0,0,0,0,0,0,0,0,0,0,0,0,0,0,0,0
112,70378832,22137,28625,1,0,0,0,0,0,0,0,0,0,0,0,0,0,0,0,0
113,69948704,22213,29250,1,0,0,0,0,0,0,0,0,0,0,0,0,0,0,0,0
114,58467752,22137,34833,1,0,0,0,0,0,0,0,0,0,0,0,0,0,0,0,0
115,55840084,22637,23333,1,0,0,0,0,0,0,0,0,0,0,0,0,0,0,0,0
116,48541876,22441,19708,1,0,0,0,0,0,0,0,0,0,0,0,0,0,0,0,0
117,46462500,22125,19458,1,0,0,0,0,0,0,0,0,0,0,0,0,0,0,0,0
118,47361624,22073,21042,1,0,0,0,0,0,0,0,0,0,0,0,0,0,0,0,0
119,52708292,49277,19833,1,0,0,0,0,0,0,0,0,0,0,0,0,0,0,0,0
120,46459456,22161,18959,1,0,0,0,0,0,0,0,0,0,0,0,0,0,0,0,0
121,45641040,22073,22458,1,0,0,0,0,0,0,0,0,0,0,0,0,0,0,0,0
122,46286168,22189,19375,1,0,0,0,0,0,0,0,0,0,0,0,0,0,0,0,0
123,49098456,22073,18916,1,0,0,0,0,0,0,0,0,0,0,0,0,0,0,0,0
124,53025876,22161,23167,1,0,0,0,0,0,0,0,0,0,0,0,0,0,0,0,0
125,50829624,22137,22917,1,0,0,0,0,0,0,0,0,0,0,0,0,0,0,0,0
126,52229752,22637,22792,1,0,0,0,0,0,0,0,0,0,0,0,0,0,0,0,0
127,48698916,22493,23667,1,0,0,0,0,0,0,0,0,0,0,0,0,0,0,0,0
128,43556916,22073,19458,1,0,0,0,0,0,0,0,0,0,0,0,0,0,0,0,0
129,46978208,22073,19083,1,0,0,0,0,0,0,0,0,0,0,0,0,0,0,0,0
130,43542292,22137,19166,1,0,0,0,0,0,0,0,0,0,0,0,0,0,0,0,0
131,40160292,22161,17417,1,0,0,0,0,0,0,0,0,0,0,0,0,0,0,0,0
132,41317168,22125,17542,1,0,0,0,0,0,0,0,0,0,0,0,0,0,0,0,0
133,40040248,22137,17583,1,0,0,0,0,0,0,0,0,0,0,0,0,0,0,0,0
134,40276416,22073,18916,1,0,0,0,0,0,0,0,0,0,0,0,0,0,0,0,0
135,41145916,22161,17584,1,0,0,0,0,0,0,0,0,0,0,0,0,0,0,0,0
136,43757208,22137,18292,1,0,0,0,0,0,0,0,0,0,0,0,0,0,0,0,0
137,45966544,22689,17250,1,0,0,0,0,0,0,0,0,0,0,0,0,0,0,0,0
138,46051376,22289,19625,1,0,0,0,0,0,0,0,0,0,0,0,0,0,0,0,0
139,46350916,22225,19583,1,0,0,0,0,0,0,0,0,0,0,0,0,0,0,0,0
140,56306248,22073,19916,1,0,0,0,0,0,0,0,0,0,0,0,0,0,0,0,0
141,54688584,22137,22834,1,0,0,0,0,0,0,0,0,0,0,0,0,0,0,0,0
142,54092832,22213,23209,1,0,0,0,0,0,0,0,0,0,0,0,0,0,0,0,0
143,54537668,22137,23083,1,0,0,0,0,0,0,0,0,0,0,0,0,0,0,0,0
144,54770500,22073,24708,1,0,0,0,0,0,0,0,0,0,0,0,0,0,0,0,0
145,54655376,22225,23209,1,0,0,0,0,0,0,0,0,0,0,0,0,0,0,0,0
146,54154000,22689,23333,1,0,0,0,0,0,0,0,0,0,0,0,0,0,0,0,0
147,53704916,22353,24042,1,0,0,0,0,0,0,0,0,0,0,0,0,0,0,0,0
148,52353376,22161,29209,1,0,0,0,0,0,0,0,0,0,0,0,0,0,0,0,0
149,45896376,22137,24625,1,0,0,0,0,0,0,0,0,0,0,0,0,0,0,0,0
150,48273168,22125,19541,1,0,0,0,0,0,0,0,0,0,0,0,0,0,0,0,0
151,47079248,22073,19959,1,0,0,0,0,0,0,0,0,0,0,0,0,0,0,0,0
152,46627456,22225,19916,1,0,0,0,0,0,0,0,0,0,0,0,0,0,0,0,0
153,47943664,22073,20125,1,0,0,0,0,0,0,0,0,0,0,0,0,0,0,0,0
154,50072332,22073,19333,1,0,0,0,0,0,0,0,0,0,0,0,0,0,0,0,0
155,50255500,22189,19084,1,0,0,0,0,0,0,0,0,0,0,0,0,0,0,0,0
156,51072916,22161,23250,1,0,0,0,0,0,0,0,0,0,0,0,0,0,0,0,0
157,49312292,22701,19125,1,0,0,0,0,0,0,0,0,0,0,0,0,0,0,0,0
158,51050168,22289,22750,1,0,0,0,0,0,0,0,0,0,0,0,0,0,0,0,0
159,50705960,22277,19625,1,0,0,0,0,0,0,0,0,0,0,0,0,0,0,0,0
160,53048584,22073,30334,1,0,0,0,0,0,0,0,0,0,0,0,0,0,0,0,0
161,51931792,22137,29292,1,0,0,0,0,0,0,0,0,0,0,0,0,0,0,0,0
162,51142208,22161,22625,1,0,0,0,0,0,0,0,0,0,0,0,0,0,0,0,0
163,56240960,22189,23292,1,0,0,0,0,0,0,0,0,0,0,0,0,0,0,0,0
164,53674832,22073,23709,1,0,0,0,0,0,0,0,0,0,0,0,0,0,0,0,0
165,55310456,22225,23333,1,0,0,0,0,0,0,0,0,0,0,0,0,0,0,0,0
166,54413668,22637,28292,1,0,0,0,0,0,0,0,0,0,0,0,0,0,0,0,0
167,53471916,22405,22791,1,0,0,0,0,0,0,0,0,0,0,0,0,0,0,0,0
168,49845292,22161,22792,1,0,0,0,0,0,0,0,0,0,0,0,0,0,0,0,0
169,55328292,22137,24625,1,0,0,0,0,0,0,0,0,0,0,0,0,0,0,0,0
170,52078208,22073,22833,1,0,0,0,0,0,0,0,0,0,0,0,0,0,0,0,0
171,51390584,22277,23084,1,0,0,0,0,0,0,0,0,0,0,0,0,0,0,0,0
172,49799500,22073,19583,1,0,0,0,0,0,0,0,0,0,0,0,0,0,0,0,0
173,49427664,22137,19917,1,0,0,0,0,0,0,0,0,0,0,0,0,0,0,0,0
174,47683752,22073,19000,1,0,0,0,0,0,0,0,0,0,0,0,0,0,0,0,0
175,50062668,22161,19708,1,0,0,0,0,0,0,0,0,0,0,0,0,0,0,0,0
176,50952876,22753,19917,1,0,0,0,0,0,0,0,0,0,0,0,0,0,0,0,0
177,51590040,22289,23125,1,0,0,0,0,0,0,0,0,0,0,0,0,0,0,0,0
178,52487624,22225,23334,1,0,0,0,0,0,0,0,0,0,0,0,0,0,0,0,0
179,56922416,22073,23292,1,0,0,0,0,0,0,0,0,0,0,0,0,0,0,0,0
180,51789668,22189,23625,1,0,0,0,0,0,0,0,0,0,0,0,0,0,0,0,0
181,1044709,0,0,0,0,0,0,0,0,0,0,0,0,0,0,0,0,0,0,0
